,minute,conf_lower,conf_upper
0,0,2.310956081219515,4.05350878539455
1,1,2.303989172600219,4.046541876775254
2,2,2.29708295169374,4.039635655868775
3,3,2.2902371305431175,4.032789834718152
4,4,2.283451421976987,4.026004126152022
5,5,2.2767255396085995,4.019278243783634
6,6,2.2700591978348403,4.0126119020098745
7,7,2.2634521118352504,4.006004816010285
8,8,2.2569039975710474,3.999456701746082
9,9,2.2504145717841433,3.992967275959178
10,10,2.2439835519961666,3.986536256171201
11,11,2.2376106565074827,3.9801633606825173
12,12,2.2312956043962124,3.973848308571247
13,13,2.2250381155172523,3.967590819692287
14,14,2.2188379105012976,3.9613906146763322
15,15,2.2126947107538584,3.955247414928893
16,16,2.2066082384542822,3.949160942629317
17,17,2.200578216554774,3.9431309207298084
18,18,2.1946043687794154,3.93715707295445
19,19,2.188686419623186,3.9312391237982207
20,20,2.1828240943509827,3.9253767985260173
21,21,2.17701711899664,3.9195698231716745
22,22,2.17126522036195,3.9138179245369846
23,23,2.165568126015683,3.9081208301907178
24,24,2.1599255642926085,3.902478268467643
25,25,2.1543372642925127,3.8968899684675473
26,26,2.148802955879221,3.8913556600542556
27,27,2.143322369679618,3.8858750738546526
28,28,2.137895237082666,3.8804479412577004
29,29,2.1325212902384267,3.8750739944134613
30,30,2.1272002620570816,3.869752966232116
31,31,2.1219318862079506,3.864484590382985
32,32,2.1167158971185134,3.859268601293548
33,33,2.1115520299734296,3.854104734148464
34,34,2.106440020713558,3.8489927248885927
35,35,2.101379606034978,3.8439323102100125
36,36,2.096370523388008,3.8389232275630425
37,37,2.0914125109762276,3.833965215151262
38,38,2.0865053077554965,3.829058011930531
39,39,2.081648653432975,3.8242013576080094
40,40,2.0768422884661435,3.819394992641178
41,41,2.0720859540618246,3.814638658236859
42,42,2.067379392175201,3.8099320963502357
43,43,2.0627223455088366,3.805275049683871
44,44,2.058114557511697,3.8006672616867316
45,45,2.0535557723781688,3.7961084765532034
46,46,2.049045735047081,3.7915984392221156
47,47,2.0445841912007237,3.7871368953757583
48,48,2.0401708872638693,3.782723591438904
49,49,2.035805570402792,3.7783582745778266
50,50,2.0314879885242894,3.774040692699324
51,51,2.0272178902747005,3.769770594449735
52,52,2.022995025038927,3.7655477292139614
53,53,2.0188191429394537,3.7613718471144884
54,54,2.0146899948353685,3.757242699010403
55,55,2.0106073323213813,3.753160036496416
56,56,2.0065709077268474,3.749123611901882
57,57,2.002580474114783,3.7451331782898176
58,58,1.9986357852808903,3.741188489455925
59,59,1.9947365957525722,3.737289299927607
60,60,1.990882660787959,3.7334353649629937
61,61,1.987073736374923,3.7296264405499575
62,62,1.9833095792301,3.7258622834051347
63,63,1.9795899467979128,3.7221426509729474
64,64,1.9759145972495857,3.7184673014246203
65,65,1.9722832894821702,3.714835993657205
66,66,1.9686957831175609,3.7112484872925955
67,67,1.965151838501518,3.7077045426765527
68,68,1.9616512167026876,3.704203920877722
69,69,1.95819367951162,3.7007463836866545
70,70,1.9547789894397916,3.697331693614826
71,71,1.9514069097186244,3.693959613893659
72,72,1.9480772042985057,3.6906299084735403
73,73,1.944789637847809,3.6873423420228435
74,74,1.9415439757519142,3.684096679926949
75,75,1.9383399841122277,3.6808926882872623
76,76,1.9351774297452016,3.677730133920236
77,77,1.932056080181355,3.6746087843563897
78,78,1.9289757036642934,3.671528407839328
79,79,1.9259360691497296,3.668488773324764
80,80,1.922936946304504,3.6654896504795387
81,81,1.9199781055056024,3.662530809680637
82,82,1.9170593178391804,3.659612022014215
83,83,1.9141803550995786,3.6567330592746132
84,84,1.9113409897883478,3.6538936939633824
85,85,1.908540995113265,3.6510936992882996
86,86,1.905780144987355,3.6483328491623896
87,87,1.9030582140279124,3.645610918202947
88,88,1.900374977555519,3.6429276817305536
89,89,1.897730211593065,3.6402829157680996
90,90,1.8951236928647694,3.637676397039804
91,91,1.892555198795201,3.6351079029702356
92,92,1.8900245075082958,3.6325772116833304
93,93,1.88753139782638,3.6300841020014145
94,94,1.8850756492691896,3.627628353444224
95,95,1.8826570420528883,3.625209746227923
96,96,1.8802753570890918,3.6228280612641264
97,97,1.8779303759838832,3.620483080158918
98,98,1.875621881036837,3.6181745852118716
99,99,1.8733496552400375,3.615902359415072
100,100,1.871113482277099,3.6136661864521336
101,101,1.8689131465221864,3.611465850697221
102,102,1.8667484330390347,3.6093011372140693
103,103,1.86461912757997,3.6071718317550046
104,104,1.86252501658493,3.6050777207599647
105,105,1.860465887180482,3.6030185913555166
106,106,1.8584415271788455,3.60099423135388
107,107,1.8564517250769108,3.5990044292519454
108,108,1.85449627005526,3.5970489742302947
109,109,1.8525749519771875,3.595127656152222
110,110,1.8506875613877178,3.5932402655627524
111,111,1.8488338895126293,3.591386593687664
112,112,1.8470137282574712,3.589566432432506
113,113,1.8452268702065857,3.5877795743816203
114,114,1.8434731086221277,3.5860258127971623
115,115,1.8417522374430835,3.584304941618118
116,116,1.8400640512842932,3.582616755459328
117,117,1.8384083454354698,3.5809610496105044
118,118,1.8367849158602194,3.579337620035254
119,119,1.8351935591950608,3.5777462633700954
120,120,1.8336340727484468,3.5761867769234814
121,121,1.8321062544997835,3.574658958674818
122,122,1.830609903098451,3.5731626072734857
123,123,1.8291448178628227,3.5716975220378573
124,124,1.8277107987792864,3.570263502954321
125,125,1.8263076465012649,3.5688603506762995
126,126,1.8249351623482344,3.567487866523269
127,127,1.8235931483047452,3.5661458524797798
128,128,1.8222814070194437,3.5648341111944783
129,129,1.8209997418040897,3.5635524459791244
130,130,1.8197479566325798,3.5623006608076144
131,131,1.8185258561399635,3.561078560314998
132,132,1.8173332456214677,3.5598859497965023
133,133,1.8161699310315127,3.5587226352065473
134,134,1.8150357189827373,3.557588423157772
135,135,1.8139304167450128,3.5564831209200474
136,136,1.8128538322444694,3.555406536419504
137,137,1.8118057740625106,3.5543584782375452
138,138,1.8107860514348393,3.553338755609874
139,139,1.8097944742504724,3.552347178425507
140,140,1.8088308530507637,3.5513835572257983
141,141,1.8078949990284254,3.55044770320346
142,142,1.8069867240265447,3.5495394282015793
143,143,1.8061058405376067,3.5486585447126413
144,144,1.805252161702514,3.5478048658775485
145,145,1.8044255013096056,3.54697820548464
146,146,1.8036256737936789,3.5461783779687135
147,147,1.802852494235009,3.5454051984100436
148,148,1.8021057783583694,3.544658482533404
149,149,1.8013853425320496,3.5439380467070842
150,150,1.8006910037668793,3.543243707941914
151,151,1.8000225797152454,3.54257528389028
152,152,1.799379888670114,3.5419325928451486
153,153,1.7987627495640495,3.541315453739084
154,154,1.798170981968235,3.5407236861432696
155,155,1.797604406091493,3.5401571102665277
156,156,1.7970628427793045,3.539615546954339
157,157,1.7965461135128309,3.5390988176878655
158,158,1.796054040407932,3.5386067445829665
159,159,1.7955864462141875,3.538139150389222
160,160,1.7951431543139162,3.537695858488951
161,161,1.7947239887211985,3.537276692896233
162,162,1.7943287740808938,3.5368814782559284
163,163,1.7939573356676615,3.536510039842696
164,164,1.7936094993849823,3.536162203560017
165,165,1.7932850917641767,3.5358377959392113
166,166,1.7929839399634258,3.5355366441384604
167,167,1.7927058717667927,3.5352585759418274
168,168,1.7924507155832399,3.5350034197582745
169,169,1.7922183004456524,3.534771004620687
170,170,1.7920084560098566,3.534561160184891
171,171,1.7918210125536391,3.5343737167286737
172,172,1.7916558009757697,3.5342085051508043
173,173,1.791512652795019,3.5340653569700535
174,174,1.79139140014918,3.5339441043242146
175,175,1.791291875794088,3.5338445799691227
176,176,1.7912139131026406,3.533766617277675
177,177,1.7911573460638168,3.5337100502388514
178,178,1.7911220092817004,3.533674713456735
179,179,1.7911077379744955,3.53366044214953
180,180,1.7911143679735515,3.533667072148586
181,181,1.7911417357223787,3.5336944398974133
182,182,1.7911896782756722,3.533742382450707
183,183,1.7912580332983294,3.533810737473364
184,184,1.7913466390644732,3.533899343239508
185,185,1.7914553344564679,3.5340080386315025
186,186,1.791583958963944,3.5341366631389786
187,187,1.7917323526828128,3.5342850568578474
188,188,1.7919003563142937,3.5344530604893283
189,189,1.7920878111639271,3.5346405153389617
190,190,1.7922945591406005,3.534847263315635
191,191,1.7925204427555652,3.5350731469306
192,192,1.7927653051214563,3.535318009296491
193,193,1.7930289899513148,3.5355816941263494
194,194,1.793311341557608,3.5358640457326427
195,195,1.7936122048512462,3.536164909026281
196,196,1.793931425340607,3.5364841295156415
197,197,1.7942688491305523,3.536821553305587
198,198,1.7946243229214511,3.5371770270964857
199,199,1.794997694008198,3.5375503981832326
200,200,1.795388810279233,3.5379415144542676
201,201,1.7957975202155634,3.538350224390598
202,202,1.796223672889782,3.5387763770648166
203,203,1.7966671179650886,3.539219822140123
204,204,1.7971277056943098,3.5396804098693444
205,205,1.7976052869189187,3.5401579910939533
206,206,1.7980997130680572,3.5406524172430918
207,207,1.7986108361575517,3.5411635403325863
208,208,1.7991385087889378,3.5416912129639724
209,209,1.7996825841484787,3.5422352883235133
210,210,1.8002429160061846,3.542795620181219
211,211,1.8008193587148331,3.5433720628898677
212,212,1.8014117672089913,3.543964471384026
213,213,1.802019997004034,3.5445727011790686
214,214,1.8026439041951634,3.545196608370198
215,215,1.803283345456431,3.5458360496314656
216,216,1.8039381780397568,3.5464908822147914
217,217,1.80460825977395,3.5471609639489845
218,218,1.8052934490637278,3.5478461532387624
219,219,1.8059936048887382,3.5485463090637728
220,220,1.8067085868025763,3.549261290977611
221,221,1.8074382549318084,3.549990959106843
222,222,1.8081824699749904,3.550735174150025
223,223,1.8089410932016863,3.551493797376721
224,224,1.8097139864514915,3.552266690626526
225,225,1.8105010121330514,3.553053716308086
226,226,1.811302033223082,3.5538547373981166
227,227,1.8121169132653874,3.554669617440422
228,228,1.8129455163698855,3.55549822054492
229,229,1.8137877072116226,3.5563404113866572
230,230,1.814643351029797,3.5571960552048316
231,231,1.8155123136267775,3.558065017801812
232,232,1.8163944613671248,3.5589471655421594
233,233,1.8172896611766092,3.559842365351644
234,234,1.8181977805412348,3.5607504847162694
235,235,1.8191186875062568,3.5616713916812914
236,236,1.820052250675201,3.5626049548502357
237,237,1.8209983392088867,3.5635510433839213
238,238,1.8219568228244438,3.5645095269994784
239,239,1.8229275717943363,3.565480275969371
240,240,1.823910456945379,3.5664631611204136
241,241,1.8249053496577607,3.5674580538327954
242,242,1.8259121218640613,3.568464826039096
243,243,1.8269306460482753,3.56948335022331
244,244,1.827960795244831,3.5705134994198655
245,245,1.8290024430376066,3.5715551472126412
246,246,1.8300554635589572,3.572608167733992
247,247,1.8311197314887298,3.5736724356637644
248,248,1.8321951220532853,3.57474782622832
249,249,1.8332815110245186,3.5758342151995532
250,250,1.8343787747188784,3.576931478893913
251,251,1.8354867899963896,3.578039494171424
252,252,1.8366054342596678,3.5791581384347024
253,253,1.8377345854529459,3.5802872896279805
254,254,1.8388741220610902,3.581426826236125
255,255,1.8400239231086237,3.5825766272836583
256,256,1.8411838681587422,3.583736572333777
257,257,1.8423538373123383,3.584906541487373
258,258,1.8435337112070176,3.586086415382052
259,259,1.8447233710161246,3.587276075191159
260,260,1.8459226984477564,3.588475402622791
261,261,1.8471315757437883,3.589684279918823
262,262,1.8483498856788896,3.590902589853924
263,263,1.8495775115595467,3.5921302157345814
264,264,1.850814337223082,3.5933670413981167
265,265,1.852060247036675,3.5946129512117095
266,266,1.8533151258963807,3.5958678300714153
267,267,1.854578859226152,3.5971315634011867
268,268,1.8558513329768576,3.598404037151892
269,269,1.8571324336253037,3.5996851378003383
270,270,1.8584220481732547,3.6009747523482893
271,271,1.859720064146451,3.6022727683214857
272,272,1.861026369593632,3.6035790737686666
273,273,1.8623408530855525,3.604893557260587
274,274,1.863663403714007,3.6062161078890416
275,275,1.8649939110908487,3.6075466152658833
276,276,1.866332265347006,3.6088849695220406
277,277,1.8676783571315094,3.610231061306544
278,278,1.8690320776105058,3.6115847817855404
279,279,1.87039331846628,3.6129460226413146
280,280,1.8717619718962775,3.614314676071312
281,281,1.8731379306121219,3.6156906347871565
282,282,1.874521087838636,3.6170737920136706
283,283,1.8759113373128615,3.618464041487896
284,284,1.8773085732830803,3.619861277458115
285,285,1.8787126905078337,3.6212653946828683
286,286,1.8801235842549415,3.622676288429976
287,287,1.881541150300527,3.6240938544755616
288,288,1.8829652849280283,3.625517989103063
289,289,1.8843958849272289,3.6269485891022635
290,290,1.8858328475932695,3.628385551768304
291,291,1.8872760707256724,3.629828774900707
292,292,1.88872545262736,3.6312781568023946
293,293,1.8901808921036776,3.632733596278712
294,294,1.8916422884614081,3.6341949926364427
295,295,1.8931095415077999,3.6356622456828345
296,296,1.8945825515495782,3.637135255724613
297,297,1.8960612193919735,3.638613923567008
298,298,1.8975454463377366,3.640098150512771
299,299,1.8990351341861587,3.6415878383611933
300,300,1.9005301852320953,3.64308288940713
301,301,1.902030502264982,3.6445832064400165
302,302,1.9035359885678593,3.646088692742894
303,303,1.905046547916387,3.6475992520914216
304,304,1.9065620845778715,3.649114788752906
305,305,1.9080825033102768,3.6506352074853115
306,306,1.9096077093612553,3.65216041353629
307,307,1.9111376084671585,3.653690312642193
308,308,1.9126721068520633,3.655224811027098
309,309,1.9142111112267886,3.656763815401823
310,310,1.915754528787918,3.6583072329629527
311,311,1.9173022672168187,3.6598549713918533
312,312,1.918854234678662,3.6614069388536965
313,313,1.9204103398214416,3.662963043996476
314,314,1.9219704917749976,3.664523195950032
315,315,1.9235346001500337,3.6660873043250684
316,316,1.9251025750371373,3.667655279212172
317,317,1.9266743270058018,3.6692270311808364
318,318,1.9282497671034449,3.6708024712784795
319,319,1.9298288068544283,3.672381511029463
320,320,1.9314113582590808,3.6739640624341154
321,321,1.9329973337927155,3.67555003796775
322,322,1.9345866464046515,3.677139350579686
323,323,1.9361792095172317,3.6787319136922663
324,324,1.937774937024848,3.6803276411998826
325,325,1.939373743292955,3.6819264474679896
326,326,1.9409755431570956,3.6835282473321302
327,327,1.9425802519219184,3.685132956096953
328,328,1.9441877853601985,3.686740489535233
329,329,1.9457980597118576,3.688350763886892
330,330,1.9474109916829838,3.6899636958580184
331,331,1.9490264984448515,3.691579202619886
332,332,1.9506444976329438,3.6931972018079784
333,333,1.9522649073459717,3.6948176115210063
334,334,1.95388764614489,3.6964403503199246
335,335,1.955512633051924,3.6980653372269585
336,336,1.9571397875495866,3.6996924917246212
337,337,1.9587690295796971,3.7013217337547317
338,338,1.9604002795424051,3.7029529837174397
339,339,1.9620334582952044,3.704586162470239
340,340,1.9636684871519625,3.706221191326997
341,341,1.9653052878819297,3.7078579920569643
342,342,1.9669437827087703,3.709496486883805
343,343,1.9685838943095746,3.711136598484609
344,344,1.9702255458138822,3.712778249988917
345,345,1.9718686608027012,3.714421364977736
346,346,1.9735131633075311,3.7160658674825657
347,347,1.9751589778093779,3.7177116819844125
348,348,1.976806029237781,3.7193587334128155
349,349,1.9784542429698257,3.7210069471448604
350,350,1.9801035448291686,3.722656249004203
351,351,1.9817538610850578,3.7243065652600924
352,352,1.9834051184513508,3.7259578226263854
353,353,1.9850572440855347,3.7276099482605694
354,354,1.9867101655877484,3.729262869762783
355,355,1.9883638109998012,3.730916515174836
356,356,1.9900181088041924,3.732570812979227
357,357,1.9916729879231325,3.734225692098167
358,358,1.9933283777175639,3.7358810818925985
359,359,1.9949842079861821,3.7375369121612168
360,360,1.996640408964451,3.7391931131394855
361,361,1.9982969113236257,3.7408496154986604
362,362,1.9999536461697769,3.7425063503448115
363,363,2.001610545042804,3.7441632492178387
364,364,2.003267539915462,3.7458202440904964
365,365,2.0049245631923727,3.7474772673674073
366,366,2.0065815477090565,3.749134251884091
367,367,2.008238426730941,3.750791130905976
368,368,2.009895133952394,3.7524478381274284
369,369,2.0115516034957266,3.754104307670761
370,370,2.0132077699102293,3.755760474085264
371,371,2.0148635681711853,3.75741627234622
372,372,2.0165189336788902,3.759071637853925
373,373,2.018173802257673,3.760726506432708
374,374,2.0198281101549176,3.762380814329952
375,375,2.0214817940400804,3.764034498215115
376,376,2.0231347910037116,3.7656874951787462
377,377,2.0247870385564792,3.767339742731514
378,378,2.0264384746281814,3.768991178803216
379,379,2.028089037566772,3.7706417417418066
380,380,2.0297386661373804,3.772291370312415
381,381,2.031387299521331,3.7739400036963655
382,382,2.0330348773151625,3.775587581490197
383,383,2.0346813395296484,3.777234043704683
384,384,2.0363266265888185,3.778879330763853
385,385,2.0379706793289785,3.780523383504013
386,386,2.0396134389977276,3.7821661431727622
387,387,2.0412548472529832,3.783807551428018
388,388,2.042894846161997,3.7854475503370315
389,389,2.0445333782003776,3.787086082375412
390,390,2.046170386251111,3.7887230904261457
391,391,2.047805813603577,3.7903585177786114
392,392,2.0494396039525733,3.791992308127608
393,393,2.0510717013973347,3.7936244055723694
394,394,2.052702050440553,3.7952547546155877
395,395,2.0543305959873974,3.796883300162432
396,396,2.055957283344533,3.7985099875195676
397,397,2.0575820582191433,3.800134762394178
398,398,2.0592048667179492,3.801757570892984
399,399,2.0608256553462305,3.803378359521265
400,400,2.06244437100684,3.8049970751818747
401,401,2.0640609609992357,3.8066136651742704
402,402,2.065675373018489,3.8082280771935237
403,403,2.067287555154311,3.8098402593293454
404,404,2.0688974558900712,3.811450160065106
405,405,2.070505024101817,3.8130577282768514
406,406,2.072110209057297,3.8146629132323318
407,407,2.0737129604149755,3.81626566459001
408,408,2.0753132282230604,3.817865932398095
409,409,2.0769109629185127,3.8194636670935473
410,410,2.078506115326079,3.8210588195011135
411,411,2.0800986366573024,3.822651340832337
412,412,2.0816884785095446,3.8242411826845792
413,413,2.083275592865011,3.8258282970400455
414,414,2.084859932089764,3.8274126362647984
415,415,2.0864414489327476,3.8289941531077822
416,416,2.088020096524805,3.8305728006998394
417,417,2.0895958283777025,3.832148532552737
418,418,2.091168598383144,3.8337213025581787
419,419,2.0927383608117966,3.8352910649868313
420,420,2.0943050703123087,3.8368577744873433
421,421,2.095868681910326,3.8384213860853604
422,422,2.097429151007521,3.8399818551825557
423,423,2.098986433380603,3.8415391375556376
424,424,2.1005404851803475,3.843093189355382
425,425,2.1020912629306094,3.844643967105644
426,426,2.103638723527344,3.8461914277023785
427,427,2.1051828242376303,3.847735528412665
428,428,2.106723522698692,3.8492762268737266
429,429,2.1082607769169113,3.850813481091946
430,430,2.1097945452668565,3.852347249441891
431,431,2.1113247864902953,3.85387749066533
432,432,2.112851459695221,3.8554041638702556
433,433,2.1143745243548686,3.856927228529903
434,434,2.115893940306738,3.8584466444817727
435,435,2.1174096677516103,3.859962371926645
436,436,2.1189216672525717,3.8614743714276063
437,437,2.120429899734033,3.862982603909068
438,438,2.121934326480745,3.8644870306557797
439,439,2.1234349091368294,3.865987613311864
440,440,2.124931609704782,3.8674843138798165
441,441,2.126424390544515,3.8689770947195496
442,442,2.1279132143723567,3.8704659185473913
443,443,2.129398044260081,3.8719507484351157
444,444,2.1308788436339308,3.8734315478089654
445,445,2.13235557627363,3.8749082804486648
446,446,2.13382820631141,3.8763809104864446
447,447,2.135296698231026,3.877849402406061
448,448,2.1367610168667794,3.879313721041814
449,449,2.1382211274025376,3.880773831577572
450,450,2.1396769953707526,3.8822296995457872
451,451,2.1411285866514853,3.88368129082652
452,452,2.1425758674714186,3.885128571646453
453,453,2.1440188044028847,3.8865715085779193
454,454,2.1454573643628816,3.888010068537916
455,455,2.1468915146120917,3.8894442187871263
456,456,2.148321222753909,3.8908739269289434
457,457,2.149746456733449,3.892299160908484
458,458,2.151167184836578,3.8937198890116127
459,459,2.1525833756889288,3.8951360798639634
460,460,2.1539949982549214,3.896547702429956
461,461,2.1554020218367818,3.8979547260118164
462,462,2.156804416073565,3.8993571202485997
463,463,2.1582021509401756,3.9007548551152103
464,464,2.1595951967463836,3.902147900921418
465,465,2.160983524135848,3.9035362283108825
466,466,2.162367104085135,3.9049198082601695
467,467,2.1637459079027446,3.906298612077779
468,468,2.1651199072281178,3.9076726114031524
469,469,2.16648907403067,3.9090417782057045
470,470,2.167853380608804,3.9104060847838387
471,471,2.169212799588932,3.9117655037639665
472,472,2.170567303924492,3.9131200080995265
473,473,2.1719168668949775,3.914469571070012
474,474,2.1732614621049464,3.915814166279981
475,475,2.1746010634830526,3.917153767658087
476,476,2.175935645281053,3.9184883494560876
477,477,2.1772651820728366,3.919817886247871
478,478,2.1785896487534453,3.92114235292848
479,479,2.179909020538088,3.9224617247131226
480,480,2.181223272961169,3.9237759771362035
481,481,2.1825323818752977,3.9250850860503324
482,482,2.18383632345032,3.926389027625355
483,483,2.1851350741723277,3.9276877783473623
484,484,2.186428610842685,3.9289813150177197
485,485,2.187716910577051,3.9302696147520857
486,486,2.1889999508043907,3.9315526549794253
487,487,2.190277709266007,3.9328304134410415
488,488,2.191550164014549,3.9341028681895835
489,489,2.192817293413043,3.9353699975880776
490,490,2.1940790761339035,3.936631780308938
491,491,2.195335491157957,3.9378881953329916
492,492,2.1965865177734676,3.939139221948502
493,493,2.197832135575146,3.9403848397501804
494,494,2.199072324463179,3.9416250286382137
495,495,2.2003070646422445,3.942859768817279
496,496,2.201536336620537,3.9440890407955718
497,497,2.202760121208782,3.945312825383817
498,498,2.2039783995192552,3.94653110369429
499,499,2.2051911529648107,3.9477438571398453
500,500,2.206398363257898,3.9489510674329327
501,501,2.207600012409573,3.9501527165846078
502,502,2.208796082728532,3.9513487869035666
503,503,2.2099865568201227,3.9525392609951573
504,504,2.2111714175853683,3.953724121760403
505,505,2.212350648219986,3.9549033523950206
506,506,2.213524232213408,3.9560769363884427
507,507,2.214692153347802,3.9572448575228365
508,508,2.2158543956970895,3.958407099872124
509,509,2.217010943625968,3.959563647801003
510,510,2.21816178178893,3.9607144859639645
511,511,2.2193068951292836,3.961859599304318
512,512,2.2204462688781716,3.9629989730532063
513,513,2.2215798885535953,3.96413259272863
514,514,2.2227077399594286,3.965260444134463
515,515,2.223829809184444,3.966382513359479
516,516,2.2249460826013285,3.967498786776363
517,517,2.226056546865711,3.968609251040746
518,518,2.2271611889151677,3.9697138930902023
519,519,2.228259995968257,3.970812700143292
520,520,2.2293529555235345,3.971905659698569
521,521,2.2304400553585726,3.972992759533607
522,522,2.231521283528981,3.9740739877040157
523,523,2.2325966283674235,3.975149332542458
524,524,2.2336660784826483,3.976218782657683
525,525,2.234729622758493,3.9772823269335276
526,526,2.235787250352921,3.9783399545279554
527,527,2.236838950697027,3.9793916548720616
528,528,2.237884713494068,3.9804374176691026
529,529,2.238924528718479,3.9814772328935137
530,530,2.2399583866148918,3.9825110907899264
531,531,2.2409862776971616,3.9835389818721962
532,532,2.2420081927473734,3.984560896922408
533,533,2.243024122814878,3.9855768269899126
534,534,2.2440340592153083,3.986586763390343
535,535,2.245037993529586,3.9875906977046207
536,536,2.246035917602963,3.9885886217779976
537,537,2.247027823544024,3.989580527719059
538,538,2.248013703723714,3.9905664078987484
539,539,2.2489935507743666,3.991546254949401
540,540,2.249967357588701,3.9925200617637358
541,541,2.2509351173188685,3.993487821493903
542,542,2.251896823375453,3.9944495275504877
543,543,2.2528524694265095,3.995405173601544
544,544,2.2538020493965596,3.996354753571594
545,545,2.254745557465636,3.9972982616406707
546,546,2.25568298806829,3.9982356922433246
547,547,2.2566143358926123,3.999167040067647
548,548,2.2575395958792575,4.000092300054292
549,549,2.2584587632204607,4.001011467395495
550,550,2.2593718333590576,4.001924537534093
551,551,2.2602788019875057,4.00283150616254
552,552,2.2611796650469094,4.003732369221944
553,553,2.262074418726029,4.004627122901064
554,554,2.262963059460308,4.0055157636353425
555,555,2.2638455839308964,4.006398288105931
556,556,2.264721989063662,4.0072746932386965
557,557,2.265592272028223,4.0081449762032575
558,558,2.266456430236947,4.009009134411982
559,559,2.2673144613440006,4.009867165519035
560,560,2.2681663632443416,4.010719067419377
561,561,2.2690121340727587,4.011564838247793
562,562,2.269851772202879,4.012404476377913
563,563,2.2706852762461955,4.013237980421231
564,564,2.271512645051088,4.014065349226122
565,565,2.272333877701839,4.0148865818768735
566,566,2.273148973517648,4.015701677692682
567,567,2.2739579320516707,4.016510636226705
568,568,2.274760753090015,4.0173134572650495
569,569,2.2755574366507854,4.01811014082582
570,570,2.276347982983086,4.018900687158121
571,571,2.2771323925660414,4.019685096741076
572,572,2.2779106661078297,4.020463370282864
573,573,2.2786828045446894,4.021235508719724
574,574,2.2794488090399465,4.022001513214981
575,575,2.280208680983028,4.022761385158063
576,576,2.280962421988496,4.023515126163531
577,577,2.281710033895047,4.024262738070082
578,578,2.2824515187645567,4.025004222939591
579,579,2.2831868788810725,4.025739583056107
580,580,2.2839161167498614,4.0264688209248956
581,581,2.2846392350964093,4.027191939271444
582,582,2.285356236865452,4.0279089410404865
583,583,2.2860671252199882,4.028619829395023
584,584,2.2867719035403096,4.029324607715344
585,585,2.2874705754230167,4.030023279598051
586,586,2.288163144680022,4.030715848855056
587,587,2.2888496153376074,4.031402319512642
588,588,2.2895299916354026,4.032082695810438
589,589,2.290204278025444,4.032756982200478
590,590,2.290872479171159,4.033425183346194
591,591,2.291534599946412,4.034087304121447
592,592,2.2921906454345176,4.034743349609553
593,593,2.2928406209272536,4.035393325102288
594,594,2.293484531923885,4.036037236098919
595,595,2.294122384130196,4.0366750883052305
596,596,2.294754183457489,4.037306887632523
597,597,2.2953799360216203,4.037932640196654
598,598,2.295999648142013,4.038552352317048
599,599,2.2966133263406863,4.039166030515721
600,600,2.297220977341261,4.039773681516296
601,601,2.29782260806799,4.040375312243025
602,602,2.2984182256447796,4.040970929819814
603,603,2.299007837394197,4.041560541569232
604,604,2.299591450836518,4.042144155011552
605,605,2.30016907368871,4.042721777863745
606,606,2.300740713863476,4.043293418038511
607,607,2.3013063794682775,4.043859083643312
608,608,2.301866078804341,4.044418782979376
609,609,2.3024198203656785,4.044972524540713
610,610,2.302967612838124,4.045520317013159
611,611,2.303509465098337,4.046062169273371
612,612,2.3040453862128305,4.0465980903878656
613,613,2.3045753854369866,4.047128089612022
614,614,2.3050994722140814,4.047652176389116
615,615,2.3056176561743036,4.048170360349339
616,616,2.306129947133773,4.048682651308807
617,617,2.3066363550935605,4.0491890592685955
618,618,2.3071368902387097,4.049689594413744
619,619,2.3076315629372615,4.0501842671122965
620,620,2.308120383739262,4.050673087914296
621,621,2.308603363375798,4.051156067550833
622,622,2.309080512758005,4.051633216933039
623,623,2.309551842976091,4.052104547151126
624,624,2.3100173652983584,4.0525700694733935
625,625,2.3104770911702253,4.05302979534526
626,626,2.3109310322132406,4.053483736388275
627,627,2.311379200224113,4.053931904399148
628,628,2.3118216071737154,4.0543743113487505
629,629,2.3122582652061214,4.0548109693811565
630,630,2.312689186637621,4.055241890812656
631,631,2.313114383955733,4.055667088130768
632,632,2.3135338698182353,4.056086573993269
633,633,2.3139476570521818,4.056500361227217
634,634,2.314355758652906,4.056908462827941
635,635,2.314758187783085,4.057310891958119
636,636,2.315154957771711,4.057707661946745
637,637,2.3155460821131304,4.058098786288165
638,638,2.315931574466077,4.058484278641112
639,639,2.3163114486526717,4.058864152827706
640,640,2.3166857186574545,4.05923842283249
641,641,2.3170543986264076,4.059607102801442
642,642,2.31741750286595,4.059970207040985
643,643,2.317775045842001,4.060327750017036
644,644,2.3181270421789635,4.060679746353998
645,645,2.31847350665876,4.061026210833795
646,646,2.318814454219845,4.06136715839488
647,647,2.3191498999562437,4.061702604131279
648,648,2.3194798591165386,4.062032563291574
649,649,2.3198043471029277,4.062357051277962
650,650,2.320123379470217,4.062676083645252
651,651,2.3204369719248557,4.062989676099891
652,652,2.320745140323942,4.063297844498976
653,653,2.321047900674261,4.063600604849295
654,654,2.321345269131292,4.063897973306327
655,655,2.3216372619982404,4.064189966173275
656,656,2.321923895725035,4.06447659990007
657,657,2.322205186907373,4.064757891082408
658,658,2.3224811522857327,4.065033856460767
659,659,2.3227518087443833,4.065304512919418
660,660,2.3230171733104243,4.0655698774854585
661,661,2.3232772631527783,4.065829967327813
662,662,2.3235320955812475,4.066084799756283
663,663,2.3237816880454933,4.0663343922205275
664,664,2.324026058134091,4.066578762309126
665,665,2.3242652235735384,4.066817927748573
666,666,2.324499202227259,4.067051906402293
667,667,2.324728012094645,4.06728071626968
668,668,2.324951671310067,4.067504375485102
669,669,2.3251701981419024,4.0677229023169374
670,670,2.32538361099154,4.067936315166575
671,671,2.325591928392416,4.068144632567451
672,672,2.325795169009028,4.068347873184063
673,673,2.3259933516359497,4.068546055810984
674,674,2.3261864951968563,4.06873919937189
675,675,2.326374618743556,4.06892732291859
676,676,2.3265577414549807,4.069110445630015
677,677,2.3267358826362368,4.069288586811272
678,678,2.326909061717608,4.069461765892642
679,679,2.3270772982535806,4.069630002428616
680,680,2.3272406119218716,4.069793316096906
681,681,2.3273990225224286,4.069951726697463
682,682,2.3275525499764593,4.070105254151494
683,683,2.327701214325471,4.070253918500505
684,684,2.32784503573026,4.070397739905294
685,685,2.3279840344699525,4.0705367386449876
686,686,2.3281182309410107,4.070670935116045
687,687,2.3282476456562695,4.070800349831304
688,688,2.3283722992439446,4.07092500341898
689,689,2.3284922124466454,4.07104491662168
690,690,2.3286074061204167,4.071160110295452
691,691,2.328717901233754,4.071270605408788
692,692,2.3288237188665915,4.071376423041626
693,693,2.328924880209376,4.071477584384411
694,694,2.329021406562038,4.071574110737073
695,695,2.329113319333048,4.071666023508083
696,696,2.329200640038413,4.071753344213448
697,697,2.3292833903007026,4.071836094475737
698,698,2.3293615918480826,4.071914296023117
699,699,2.3294352665133116,4.071987970688346
700,700,2.3295044362327766,4.072057140407811
701,701,2.329569123045521,4.072121827220556
702,702,2.3296293490922397,4.072182053267275
703,703,2.329685136614325,4.072237840789359
704,704,2.3297365079528656,4.072289212127901
705,705,2.329783485547685,4.072336189722719
706,706,2.3298260919363476,4.072378796111382
707,707,2.329864349753185,4.07241705392822
708,708,2.329898281728321,4.072450985903355
709,709,2.3299279106866746,4.072480614861709
710,710,2.3299532595470054,4.07250596372204
711,711,2.3299743513209097,4.072527055495945
712,712,2.3299912091118657,4.0725439132869
713,713,2.330003856114216,4.07255656028925
714,714,2.3300123156122354,4.07256501978727
715,715,2.33001661097911,4.072569315154144
716,716,2.3300167656759743,4.072569469851009
717,717,2.3300128032509506,4.072565507425985
718,718,2.330004747338118,4.072557451513152
719,719,2.329992621656595,4.07254532583163
720,720,2.329976450009512,4.072529154184547
721,721,2.32995625628304,4.072508960458075
722,722,2.3299320644454444,4.072484768620479
723,723,2.3299038985460574,4.072456602721092
724,724,2.329871782714337,4.072424486889371
725,725,2.3298357411588513,4.072388445333885
726,726,2.329795798166337,4.072348502341372
727,727,2.329751978100689,4.072304682275723
728,728,2.3297043054020006,4.072257009577035
729,729,2.329652804585566,4.0722055087606
730,730,2.3295975002409137,4.072150204415948
731,731,2.329538417030833,4.072091121205867
732,732,2.329475579690357,4.072028283865391
733,733,2.3294090130258422,4.071961717200876
734,734,2.329338741913929,4.071891446088964
735,735,2.3292647913006124,4.071817495475647
736,736,2.329187186200213,4.071739890375248
737,737,2.329105951694444,4.071658655869479
738,738,2.329021112931406,4.07157381710644
739,739,2.3289326951245957,4.071485399299631
740,740,2.3288407235519624,4.071393427726997
741,741,2.328745223554898,4.071297927729933
742,742,2.328646220537267,4.071198924712302
743,743,2.3285437399644286,4.071096444139464
744,744,2.328437807362247,4.070990511537282
745,745,2.3283284483161313,4.070881152491166
746,746,2.3282156884700256,4.070768392645061
747,747,2.3280995535254685,4.0706522577005035
748,748,2.327980069240579,4.070532773415614
749,749,2.3278572614290858,4.070409965604121
750,750,2.327731155959371,4.070283860134406
751,751,2.3276017787534395,4.070154482928475
752,752,2.327469155785994,4.070021859961029
753,753,2.327333313083425,4.06988601725846
754,754,2.32719427672284,4.069746980897875
755,755,2.327052072831067,4.069604777006102
756,756,2.326906727583704,4.069459431758739
757,757,2.326758267204118,4.069310971379153
758,758,2.3266067179624605,4.069159422137496
759,759,2.3264521061747216,4.069004810349757
760,760,2.3262944582017098,4.068847162376745
761,761,2.3261338004480865,4.0686865046231215
762,762,2.325970159361391,4.068522863536426
763,763,2.325803561431074,4.068356265606109
764,764,2.3256340331874745,4.06818673736251
765,765,2.325461601200892,4.068014305375927
766,766,2.325286292080564,4.067838996255599
767,767,2.3251081324737153,4.06766083664875
768,768,2.3249271490645564,4.0674798532395915
769,769,2.324743368573331,4.067296072748366
770,770,2.3245568177553078,4.067109521930343
771,771,2.324367523399809,4.066920227574844
772,772,2.324175512329242,4.066728216504277
773,773,2.3239808113981097,4.066533515573145
774,774,2.323783447492026,4.066336151667061
775,775,2.3235834475267523,4.066136151701787
776,776,2.323380838447196,4.065933542622231
777,777,2.323175647226456,4.065728351401491
778,778,2.32296790086481,4.065520605039845
779,779,2.3227576263887815,4.0653103305638165
780,780,2.3225448508501034,4.0650975550251385
781,781,2.322329601324785,4.06488230549982
782,782,2.3221119049121124,4.064664609087147
783,783,2.3218917887336548,4.06444449290869
784,784,2.3216692799323257,4.064221984107361
785,785,2.32144440567135,4.063997109846385
786,786,2.3212171931333354,4.0637698973083705
787,787,2.3209876695192615,4.0635403736942965
788,788,2.320755862047498,4.063308566222533
789,789,2.320521797952851,4.063074502127886
790,790,2.320285504485543,4.062838208660578
791,791,2.3200470089102843,4.062599713085319
792,792,2.319806338505241,4.062359042680276
793,793,2.319563520561102,4.062116224736137
794,794,2.319318582380052,4.061871286555087
795,795,2.3190715512748343,4.061624255449869
796,796,2.3188224545677545,4.0613751587427895
797,797,2.3185713195896738,4.061124023764709
798,798,2.318318173679095,4.06087087785413
799,799,2.3180630441810997,4.060615748356135
800,800,2.317805958446447,4.060358662621482
801,801,2.317546943830535,4.06009964800557
802,802,2.31728602769245,4.059838731867485
803,803,2.3170232373939803,4.059575941569015
804,804,2.316758600298639,4.059311304473674
805,805,2.316492143770677,4.059044847945712
806,806,2.316223895174104,4.058776599349139
807,807,2.315953881871733,4.058506586046768
808,808,2.315682131224152,4.058234835399187
809,809,2.3154086705887784,4.0579613747638135
810,810,2.315133527318888,4.057686231493923
811,811,2.314856728762615,4.05740943293765
812,812,2.3145783022619635,4.0571310064369985
813,813,2.314298275151843,4.056850979326878
814,814,2.3140166747591073,4.056569378934142
815,815,2.313733528401531,4.056286232576566
816,816,2.313448863386865,4.0560015675619
817,817,2.313162707011839,4.055715411186874
818,818,2.3128750865611845,4.0554277907362195
819,819,2.3125860293066682,4.055138733481703
820,820,2.3122955625060952,4.05484826668113
821,821,2.312003713402324,4.054556417577359
822,822,2.311710509222324,4.054263213397359
823,823,2.3114159771761495,4.053968681351185
824,824,2.311120144455971,4.053672848631006
825,825,2.3108230382351365,4.0533757424101715
826,826,2.3105246856671413,4.053077389842176
827,827,2.3102251138846532,4.052777818059688
828,828,2.3099243499985653,4.0524770541736
829,829,2.309622421096989,4.052175125272024
830,830,2.3093193542442907,4.051872058419326
831,831,2.3090151764800857,4.051567880655121
832,832,2.3087099148182904,4.051262618993325
833,833,2.308403596246126,4.050956300421161
834,834,2.3080962477231295,4.0506489518981645
835,835,2.3077878961802027,4.050340600355238
836,836,2.3074785685186003,4.050031272693635
837,837,2.307168291608972,4.049720995784007
838,838,2.306857092290366,4.049409796465401
839,839,2.3065449973692647,4.0490977015443
840,840,2.3062320336186057,4.048784737793641
841,841,2.305918227776775,4.04847093195181
842,842,2.305603606546668,4.048156310721703
843,843,2.3052881965946717,4.047840900769707
844,844,2.3049720245497087,4.047524728724744
845,845,2.304655117002255,4.04720782117729
846,846,2.304337500503338,4.046890204678373
847,847,2.304019201563596,4.046571905738631
848,848,2.303700246652267,4.046252950827302
849,849,2.3033806621962127,4.045933366371248
850,850,2.3030604745789485,4.0456131787539835
851,851,2.3027397101396576,4.045292414314693
852,852,2.302418395172223,4.044971099347258
853,853,2.302096555924217,4.044649260099252
854,854,2.3017742185959658,4.044326922771001
855,855,2.301451409339529,4.044004113514564
856,856,2.3011281542577424,4.0436808584327775
857,857,2.3008044794032254,4.0433571835782605
858,858,2.300480410777426,4.043033114952461
859,859,2.300155974329598,4.042708678504633
860,860,2.2998311959558744,4.042383900130909
861,861,2.2995061014982237,4.042058805673259
862,862,2.2991807167435403,4.041733420918575
863,863,2.298855067422618,4.041407771597653
864,864,2.29852917920917,4.041081883384205
865,865,2.2982030777188736,4.040755781893909
866,866,2.2978767885083804,4.0404294926834154
867,867,2.2975503370743247,4.04010304124936
868,868,2.297223748852351,4.039776453027386
869,869,2.2968970492161573,4.039449753391192
870,870,2.2965702634764713,4.039122967651506
871,871,2.296243416880102,4.038796121055137
872,872,2.295916534608938,4.038469238783973
873,873,2.2955896417790167,4.038142345954052
874,874,2.2952627634394704,4.0378154676145055
875,875,2.2949359245716123,4.037488628746647
876,876,2.2946091500878913,4.037161854262926
877,877,2.2942824648310025,4.036835169006038
878,878,2.2939558935728175,4.0365085977478525
879,879,2.2936294610134396,4.036182165188475
880,880,2.2933031917802498,4.035855895955285
881,881,2.2929771104268997,4.035529814601935
882,882,2.292651241432313,4.035203945607348
883,883,2.2923256091997497,4.034878313374785
884,884,2.2920002380557913,4.034552942230826
885,885,2.2916751522493946,4.03422785642443
886,886,2.291350375950859,4.033903080125894
887,887,2.291025933250905,4.03357863742594
888,888,2.2907018481596544,4.033254552334689
889,889,2.290378144605691,4.032930848780726
890,890,2.290054846435012,4.032607550610047
891,891,2.2897319774101166,4.032284681585152
892,892,2.289409561209012,4.031962265384047
893,893,2.2890876214241866,4.031640325599222
894,894,2.288766181561687,4.031318885736722
895,895,2.2884452650401133,4.030997969215148
896,896,2.288124895189657,4.030677599364692
897,897,2.287805095251073,4.030357799426108
898,898,2.2874858883747566,4.030038592549792
899,899,2.287167297619749,4.029720001794784
900,900,2.286849345952717,4.029402050127752
901,901,2.2865320562470184,4.029084760422053
902,902,2.286215451281737,4.028768155456772
903,903,2.2858995537406446,4.02845225791568
904,904,2.2855843862112333,4.028137090386268
905,905,2.285269971183794,4.027822675358829
906,906,2.2849563310503913,4.027509035225426
907,907,2.284643488103853,4.027196192278888
908,908,2.2843314645368547,4.02688416871189
909,909,2.2840202824409057,4.026572986615941
910,910,2.283709963805378,4.026262667980413
911,911,2.283400530516509,4.025953234691544
912,912,2.28309200435644,4.025644708531475
913,913,2.282784407002253,4.025337111177288
914,914,2.2824777600249244,4.0250304641999595
915,915,2.2821720848884293,4.024724789063464
916,916,2.2818674029487194,4.024420107123754
917,917,2.281563735452735,4.02411643962777
918,918,2.2812611035374277,4.023813807712463
919,919,2.2809595282288124,4.0235122324038475
920,920,2.280659030440947,4.023211734615982
921,921,2.280359630974981,4.022912335150016
922,922,2.2800613505181455,4.022614054693181
923,923,2.2797642096428166,4.022316913817852
924,924,2.2794682288055124,4.022020932980547
925,925,2.2791734283458847,4.02172613252092
926,926,2.2788798284857843,4.021432532660819
927,927,2.278587449328263,4.021140153503298
928,928,2.2782963108566103,4.020849015031645
929,929,2.2780064329333167,4.020559137108352
930,930,2.277717835299178,4.020270539474213
931,931,2.2774305375722466,4.019983241747282
932,932,2.2771445592468775,4.019697263421913
933,933,2.2768599196927606,4.019412623867796
934,934,2.276576638153933,4.019129342328968
935,935,2.2762947337477573,4.018847437922792
936,936,2.276014225464031,4.018566929639066
937,937,2.275735132163923,4.018287836338958
938,938,2.2754574725790273,4.018010176754062
939,939,2.2751812653103936,4.017733969485429
940,940,2.2749065288275143,4.017459233002549
941,941,2.2746332814674015,4.017185985642437
942,942,2.274361541433531,4.016914245608566
943,943,2.2740913267949163,4.016644030969951
944,944,2.2738226554851333,4.016375359660168
945,945,2.273555545301313,4.016108249476348
946,946,2.273290013903153,4.015842718078188
947,947,2.273026078811973,4.015578782987008
948,948,2.272763757409709,4.015316461584744
949,949,2.272503066937968,4.015055771113003
950,950,2.2722440244969664,4.014796728672001
951,951,2.27198664704467,4.014539351219705
952,952,2.2717309513957207,4.014283655570756
953,953,2.2714769542204603,4.014029658395495
954,954,2.2712246720440237,4.013777376219059
955,955,2.2709741212452843,4.013526825420319
956,956,2.270725318055909,4.013278022230944
957,957,2.2704782785593696,4.013030982734405
958,958,2.2702330186899533,4.012785722864988
959,959,2.2699895542318376,4.012542258406873
960,960,2.2697479008179964,4.012300604993031
961,961,2.2695080739293476,4.012060778104383
962,962,2.2692700888936908,4.011822793068726
963,963,2.269033960884776,4.011586665059811
964,964,2.2687997049212636,4.011352409096299
965,965,2.2685673358657996,4.011120040040835
966,966,2.26833686842405,4.010889572599085
967,967,2.2681083171436245,4.0106610213186595
968,968,2.267881696413212,4.010434400588247
969,969,2.2676570204615305,4.0102097246365656
970,970,2.267434303356374,4.009987007531409
971,971,2.2672135590036038,4.009766263178639
972,972,2.266994801146214,4.009547505321249
973,973,2.2667780433633413,4.009330747538376
974,974,2.2665632990692113,4.009116003244246
975,975,2.266350581512277,4.008903285687312
976,976,2.266139903774167,4.008692607949202
977,977,2.265931278768704,4.008483982943739
978,978,2.265724719240946,4.008277423415981
979,979,2.2655202377662103,4.008072941941245
980,980,2.265317846749084,4.007870550924119
981,981,2.2651175584224243,4.007670262597459
982,982,2.2649193848464217,4.007472089021457
983,983,2.264723337907593,4.007276042082628
984,984,2.2645294293177893,4.007082133492824
985,985,2.2643376706132474,4.0068903747882825
986,986,2.264148073153599,4.006700777328634
987,987,2.2639606481208747,4.00651335229591
988,988,2.263775406518547,4.006328110693582
989,989,2.2635923591705196,4.006145063345555
990,990,2.2634115167202,4.005964220895235
991,991,2.26323288962946,4.005785593804495
992,992,2.2630564881776922,4.005609192352727
993,993,2.2628823224608214,4.0054350266358565
994,994,2.2627104023903395,4.0052631065653745
995,995,2.262540737692276,4.005093441867311
996,996,2.2623733379062823,4.004926042081317
997,997,2.2622082123846172,4.004760916559652
998,998,2.262045370291172,4.004598074466207
999,999,2.2618848206004816,4.004437524775517
1000,1000,2.261726572096751,4.004279276271786
1001,1001,2.2615706333729046,4.00412333754794
1002,1002,2.2614170128295537,4.003969717004589
1003,1003,2.261265718674053,4.003818422849088
1004,1004,2.2611167589195236,4.003669463094559
1005,1005,2.2609701413838255,4.0035228455588605
1006,1006,2.260825873688652,4.003378577863687
1007,1007,2.260683963258493,4.003236667433528
1008,1008,2.2605444173196676,4.003097121494703
1009,1009,2.2604072428993542,4.002959947074389
1010,1010,2.2602724468246147,4.00282515099965
1011,1011,2.260140035721395,4.00269273989643
1012,1012,2.2600100160135628,4.002562720188598
1013,1013,2.259882393921909,4.002435098096944
1014,1014,2.259757175463196,4.002309879638231
1015,1015,2.2596343664491587,4.002187070624194
1016,1016,2.2595139724855104,4.0020666766605455
1017,1017,2.2593959989709975,4.001948703146033
1018,1018,2.2592804510964046,4.00183315527144
1019,1019,2.2591673338435707,4.001720038018606
1020,1020,2.2590566519843835,4.001609356159419
1021,1021,2.258948410079874,4.001501114254909
1022,1022,2.25884261247916,4.001395316654195
1023,1023,2.258739263318492,4.001291967493527
1024,1024,2.258638366520294,4.001191070695329
1025,1025,2.2585399257921597,4.001092629967195
1026,1026,2.258443944625902,4.000996648800937
1027,1027,2.2583504262964875,4.000903130471523
1028,1028,2.2582593738612,4.000812078036235
1029,1029,2.2581707901585264,4.0007234943335614
1030,1030,2.25808467780725,4.000637381982285
1031,1031,2.25800103920546,4.000553743380495
1032,1032,2.257919876529552,4.000472580704587
1033,1033,2.257841191733277,4.000393895908312
1034,1034,2.2577649865466998,4.000317690721735
1035,1035,2.257691262475315,4.00024396665035
1036,1036,2.257620020798995,4.00017272497403
1037,1037,2.2575512625710235,4.0001039667460585
1038,1038,2.257484988617143,4.000037692792178
1039,1039,2.257421199534544,3.9999739037095785
1040,1040,2.2573598956908962,3.999912599865931
1041,1041,2.2573010772233633,3.999853781398398
1042,1042,2.2572447440376453,3.99979744821268
1043,1043,2.257190895806971,3.9997435999820055
1044,1044,2.2571395319711125,3.999692236146147
1045,1045,2.2570906517354596,3.9996433559104942
1046,1046,2.2570442540699776,3.999596958245012
1047,1047,2.2570003377082695,3.999553041883304
1048,1048,2.2569589011465463,3.999511605321581
1049,1049,2.256919942642717,3.9994726468177517
1050,1050,2.2568834602153447,3.9994361643903793
1051,1051,2.2568494516427218,3.9994021558177564
1052,1052,2.2568179144618337,3.9993706186368683
1053,1053,2.256788845967417,3.9993415501424514
1054,1054,2.256762243210971,3.9993149473860057
1055,1055,2.25673810299979,3.9992908071748245
1056,1056,2.2567164218959515,3.999269126070986
1057,1057,2.2566971962153413,3.999249900390376
1058,1058,2.256680422026754,3.9992331262017884
1059,1059,2.2566660951507695,3.999218799325804
1060,1060,2.2566542111588777,3.9992069153339123
1061,1061,2.2566447653724917,3.9991974695475263
1062,1062,2.2566377528619372,3.999190457036972
1063,1063,2.2566331684454535,3.999185872620488
1064,1064,2.2566310066882767,3.9991837108633113
1065,1065,2.256631261901617,3.9991839660766515
1066,1066,2.256633928141706,3.9991866323167407
1067,1067,2.256638999208753,3.999191703383788
1068,1068,2.256646468646053,3.9991991728210876
1069,1069,2.2566563297389552,3.99920903391399
1070,1070,2.256668575513881,3.9992212796889155
1071,1071,2.25668319873737,3.9992359029124045
1072,1072,2.2567001919150687,3.9992528960901033
1073,1073,2.2567195472907957,3.9992722514658303
1074,1074,2.2567412568455185,3.999293961020553
1075,1075,2.256765312296366,3.9993180164714004
1076,1076,2.2567917050957287,3.9993444092707633
1077,1077,2.256820426430195,3.9993731306052296
1078,1078,2.2568514672195685,3.999404171394603
1079,1079,2.256884818115949,3.9994375222909837
1080,1080,2.2569204695027234,3.999473173677758
1081,1081,2.2569584114935775,3.999511115668612
1082,1082,2.2569986339315373,3.999551338106572
1083,1083,2.257041126387939,3.9995938305629735
1084,1084,2.257085878161504,3.9996385823365386
1085,1085,2.2571328782773885,3.999685582452423
1086,1086,2.257182115486074,3.9997348196611084
1087,1087,2.257233578262507,3.9997862824375416
1088,1088,2.257287254805106,3.9998399589801408
1089,1089,2.257343133034716,3.9998958372097504
1090,1090,2.257401200593676,3.9999539047687107
1091,1091,2.257461444844871,4.000014149019906
1092,1092,2.2575238528706474,4.000076557045682
1093,1093,2.257588411471971,4.000141115647006
1094,1094,2.2576551071673303,4.000207811342365
1095,1095,2.2577239261917934,4.0002766303668285
1096,1096,2.25779485449609,4.000347558671125
1097,1097,2.2578678777455106,4.000420581920546
1098,1098,2.257942981319068,4.000495685494103
1099,1099,2.258020150308375,4.00057285448341
1100,1100,2.258099369516763,4.000652073691798
1101,1101,2.2581806234582866,4.000733327633322
1102,1102,2.258263896356716,4.000816600531751
1103,1103,2.258349172144562,4.000901876319597
1104,1104,2.2584364344621117,4.000989138637147
1105,1105,2.258525666656474,4.001078370831509
1106,1106,2.2586168517804803,4.001169555955515
1107,1107,2.2587099725919155,4.001262676766951
1108,1108,2.258805011552297,4.001357715727332
1109,1109,2.2589019508260786,4.001454655001114
1110,1110,2.259000772279627,4.001553476454662
1111,1111,2.2591014574801274,4.001654161655162
1112,1112,2.259203987694789,4.001756691869824
1113,1113,2.259308343889742,4.001861048064777
1114,1114,2.2594145067290365,4.001967210904072
1115,1115,2.2595224565738046,4.00207516074884
1116,1116,2.259632173481122,4.002184877656157
1117,1117,2.259743637203115,4.00229634137815
1118,1118,2.2598568271859842,4.002409531361019
1119,1119,2.2599717225689626,4.002524426743998
1120,1120,2.2600883021834117,4.002641006358447
1121,1121,2.2602065445517847,4.00275924872682
1122,1122,2.260326427886674,4.002879132061709
1123,1123,2.260447930089796,4.003000634264831
1124,1124,2.2605710287511083,4.003123732926143
1125,1125,2.2606957011476747,4.00324840532271
1126,1126,2.2608219242428684,4.0033746284179035
1127,1127,2.2609496746852282,4.003502378860263
1128,1128,2.2610789288075277,4.003631632982563
1129,1129,2.2612096626259084,4.003762366800943
1130,1130,2.2613418518387003,4.003894556013735
1131,1131,2.2614754718255905,4.0040281760006255
1132,1132,2.2616104976466427,4.004163201821678
1133,1133,2.261746904041217,4.004299608216252
1134,1134,2.261884665427061,4.004437369602096
1135,1135,2.2620237558993206,4.004576460074356
1136,1136,2.262164149229569,4.004716853404604
1137,1137,2.2623058188647813,4.004858523039816
1138,1138,2.2624487379264546,4.00500144210149
1139,1139,2.2625928792094707,4.005145583384506
1140,1140,2.2627382151812863,4.005290919356321
1141,1141,2.262884717980817,4.005437422155852
1142,1142,2.263032359417536,4.005585063592571
1143,1143,2.263181110970485,4.00573381514552
1144,1144,2.263330943787295,4.00588364796233
1145,1145,2.2634818286831044,4.0060345328581395
1146,1146,2.2636337361397874,4.006186440314822
1147,1147,2.263786636304793,4.006339340479828
1148,1148,2.2639404989902014,4.0064932031652365
1149,1149,2.264095293671836,4.006647997846871
1150,1150,2.264250989488161,4.006803693663196
1151,1151,2.2644075552393796,4.006960259414415
1152,1152,2.2645649593864543,4.007117663561489
1153,1153,2.2647231700500394,4.0072758742250745
1154,1154,2.264882155009665,4.0074348591847
1155,1155,2.265041881702572,4.007594585877607
1156,1156,2.2652023172228435,4.0077550213978785
1157,1157,2.2653634283204407,4.007916132495476
1158,1158,2.2655251814001356,4.008077885575171
1159,1159,2.2656875425205523,4.008240246695587
1160,1160,2.2658504773933354,4.0084031815683705
1161,1161,2.2660139513818858,4.008566655556921
1162,1162,2.2661779295006848,4.00873063367572
1163,1163,2.2663423764141153,4.00889508058915
1164,1164,2.266507256435474,4.009059960610509
1165,1165,2.2666725335261826,4.009225237701218
1166,1166,2.266838171294594,4.009390875469629
1167,1167,2.2670041329951114,4.009556837170146
1168,1168,2.2671703815272575,4.0097230857022925
1169,1169,2.26733687943458,4.009889583609615
1170,1170,2.2675035889037,4.010056293078735
1171,1171,2.2676704717634233,4.010223175938458
1172,1172,2.2678374894836746,4.01039019365871
1173,1173,2.2680046031745102,4.010557307349545
1174,1174,2.2681717735852227,4.010724477760258
1175,1175,2.268338961103232,4.010891665278267
1176,1176,2.268506125753276,4.011058829928311
1177,1177,2.268673227196238,4.011225931371273
1178,1178,2.268840224728329,4.011392928903364
1179,1179,2.2690070772799795,4.011559781455015
1180,1180,2.269173743414988,4.011726447590023
1181,1181,2.2693401813294254,4.01189288550446
1182,1182,2.2695063488507468,4.012059053025782
1183,1183,2.2696722034367407,4.012224907611776
1184,1184,2.2698377021745695,4.0123904063496045
1185,1185,2.2700028017798384,4.012555505954873
1186,1186,2.27016745859553,4.012720162770565
1187,1187,2.270331628591087,4.012884332766122
1188,1188,2.2704952673614325,4.0130479715364675
1189,1189,2.2706583301259537,4.013211034300989
1190,1190,2.270820771727528,4.013373475902563
1191,1191,2.2709825466316143,4.013535250806649
1192,1192,2.271143608925136,4.013696313100171
1193,1193,2.2713039123156302,4.013856616490665
1194,1194,2.271463410130209,4.014016114305244
1195,1195,2.271622055314587,4.014174759489622
1196,1196,2.2717798004320993,4.014332504607134
1197,1197,2.271936597662744,4.014489301837779
1198,1198,2.2720923988021435,4.014645102977179
1199,1199,2.272247155260643,4.014799859435678
1200,1200,2.272400818062287,4.014953522237322
1201,1201,2.2725533378438167,4.015106042018852
1202,1202,2.2727046648537548,4.01525736902879
1203,1203,2.272854748951374,4.015407453126409
1204,1204,2.273003539605717,4.015556243780752
1205,1205,2.273150985894666,4.015703690069701
1206,1206,2.2732970365038905,4.0158497406789255
1207,1207,2.273441639725966,4.015994343901001
1208,1208,2.2735847434592453,4.01613744763428
1209,1209,2.2737262952070405,4.0162789993820756
1210,1210,2.2738662420765645,4.0164189462516
1211,1211,2.274004530777908,4.016557234952943
1212,1212,2.2741411076231297,4.016693811798165
1213,1213,2.2742759185253187,4.016828622700354
1214,1214,2.2744089089974504,4.0169616131724855
1215,1215,2.274540024151548,4.017092728326583
1216,1216,2.274669208697723,4.017221912872758
1217,1217,2.2747964069430107,4.017349111118046
1218,1218,2.2749215627906447,4.01747426696568
1219,1219,2.2750446197388707,4.017597323913906
1220,1220,2.2751655208800083,4.017718225055043
1221,1221,2.27528420889962,4.017836913074655
1222,1222,2.275400626075317,4.017953330250352
1223,1223,2.2755147142759067,4.018067418450942
1224,1224,2.275626414960413,4.018179119135448
1225,1225,2.275735669177038,4.018288373352073
1226,1226,2.2758424175622163,4.018395121737251
1227,1227,2.2759466003396436,4.018499304514679
1228,1228,2.2760481573192872,4.018600861494322
1229,1229,2.276147027896378,4.018699732071413
1230,1230,2.2762431510504793,4.018795855225514
1231,1231,2.276336465344492,4.018889169519527
1232,1232,2.2764269089236318,4.018979613098667
1233,1233,2.2765144195145335,4.0190671236895685
1234,1234,2.276598934424164,4.019151638599199
1235,1235,2.276680390538956,4.019233094713991
1236,1236,2.276758724323748,4.019311428498783
1237,1237,2.2768338718208194,4.0193865759958545
1238,1238,2.2769057686489513,4.019458472823986
1239,1239,2.276974350002369,4.019527054177404
1240,1240,2.2770395506498313,4.019592254824866
1241,1241,2.277101304933687,4.019654009108722
1242,1242,2.2771595467687145,4.0197122509437495
1243,1243,2.2772142096413783,4.019766913816413
1244,1244,2.277265226608676,4.019817930783711
1245,1245,2.277312530297223,4.019865234472258
1246,1246,2.277356052902277,4.019908757077312
1247,1247,2.2773957261867532,4.019948430361788
1248,1248,2.2774314814802135,4.0199841856552485
1249,1249,2.27746324967795,4.020015953852985
1250,1250,2.277490961239948,4.020043665414983
1251,1251,2.277514546189891,4.020067250364926
1252,1252,2.2775339341142877,4.020086638289323
1253,1253,2.27754905416139,4.020101758336425
1254,1254,2.277559835040193,4.020112539215228
1255,1255,2.2775662050195815,4.020118909194617
1256,1256,2.2775680919272214,4.0201207961022565
1257,1257,2.277565423148665,4.0201181273237
1258,1258,2.2775581256263204,4.0201108298013555
1259,1259,2.2775461258585064,4.020098830033541
1260,1260,2.2775293498984293,4.020082054073464
1261,1261,2.2775077233532595,4.0200604275282945
1262,1262,2.277481171383094,4.020033875558129
1263,1263,2.277449618700032,4.020002322875067
1264,1264,2.277412989567146,4.019965693742181
1265,1265,2.2773712077975357,4.019923911972571
1266,1266,2.2773241967533546,4.01987690092839
1267,1267,2.277271879344759,4.019824583519794
1268,1268,2.277214178029005,4.01976688220404
1269,1269,2.27715101480949,4.019703718984525
1270,1270,2.277082311234657,4.019635015409692
1271,1271,2.2770079883971515,4.0195606925721865
1272,1272,2.27692796693271,4.019480671107745
1273,1273,2.276842167019296,4.019394871194331
1274,1274,2.276750508376032,4.019303212551067
1275,1275,2.276652910262299,4.019205614437334
1276,1276,2.276549291476662,4.019101995651697
1277,1277,2.2764395703559965,4.018992274531032
1278,1278,2.2763236647744374,4.018876368949472
1279,1279,2.2762014921423694,4.0187541963174045
1280,1280,2.2760729694055963,4.018625673580631
1281,1281,2.275938013044175,4.01849071721921
1282,1282,2.275796539071514,4.018349243246549
1283,1283,2.2756484630334692,4.018201167208504
1284,1284,2.2754937000072455,4.0180464041822805
1285,1285,2.2753321646004916,4.017884868775527
1286,1286,2.2751637709502712,4.017716475125306
1287,1287,2.2749884327220964,4.017541136897131
1288,1288,2.2748060631090037,4.017358767284039
1289,1289,2.2746165748304956,4.017169279005531
1290,1290,2.2744198801316027,4.016972584306638
1291,1291,2.2742158907818886,4.016768594956924
1292,1292,2.274004518074498,4.016557222249533
1293,1293,2.2737856728251056,4.016338377000141
1294,1294,2.273559265371055,4.01611196954609
1295,1295,2.2733252055702518,4.015877909745287
1296,1296,2.27308340280026,4.015636106975295
1297,1297,2.2728337659573294,4.0153864701323645
1298,1298,2.272576203455365,4.0151289076304
1299,1299,2.272310623224939,4.014863327399974
1300,1300,2.2720369327124312,4.014589636887466
1301,1301,2.271755038878886,4.014307743053921
1302,1302,2.2714648481991584,4.014017552374193
1303,1303,2.2711662666608343,4.013718970835869
1304,1304,2.2708591997633216,4.013411903938357
1305,1305,2.2705435525168975,4.013096256691933
1306,1306,2.2702192294416075,4.0127719336166425
1307,1307,2.269886134566405,4.01243883874144
1308,1308,2.269544171428094,4.012096875603129
1309,1309,2.2691932430704322,4.011745947245467
1310,1310,2.268833252043023,4.011385956218058
1311,1311,2.268464100400507,4.011016804575542
1312,1312,2.2680856897013935,4.0106383938764285
1313,1313,2.2676979210072257,4.010250625182261
1314,1314,2.2673006948815693,4.009853399056604
1315,1315,2.2668939113889475,4.0094466155639825
1316,1316,2.2664774700939883,4.009030174269023
1317,1317,2.2660512700603586,4.008603974235394
1318,1318,2.2656152098497837,4.008167914024819
1319,1319,2.2651691875211664,4.007721891696201
1320,1320,2.2647131006294496,4.007265804804485
1321,1321,2.2642468462247645,4.0067995503997995
1322,1322,2.263770320851378,4.006323025026413
1323,1323,2.2632834205468266,4.005836124721862
1324,1324,2.2627860408407083,4.005338745015743
1325,1325,2.262278076753986,4.004830780929021
1326,1326,2.2617594227977658,4.004312126972801
1327,1327,2.261229972972472,4.003782677147507
1328,1328,2.260689620766797,4.003242324941832
1329,1329,2.260138259156775,4.00269096333181
1330,1330,2.2595757806047057,4.002128484779741
1331,1331,2.2590020770582693,4.001554781233304
1332,1332,2.258417039949449,4.000969744124484
1333,1333,2.257820560193792,4.000373264368827
1334,1334,2.257212528189029,3.9997652323640636
1335,1335,2.2565928338144228,3.9991455379894574
1336,1336,2.255961366429758,3.998514070604793
1337,1337,2.25531801487412,3.9978707190491547
1338,1338,2.254662667465183,3.9972153716402175
1339,1339,2.2539952119981446,3.996547916173179
1340,1340,2.2533155357446755,3.99586823991971
1341,1341,2.2526235254520226,3.995176229627057
1342,1342,2.251919067342001,3.9944717715170355
1343,1343,2.25120204710997,3.9937547512850045
1344,1344,2.2504723499239527,3.9930250540989873
1345,1345,2.249729860423599,3.9922825645986335
1346,1346,2.2489744627191324,3.991527166894167
1347,1347,2.2482060403905844,3.990758744565619
1348,1348,2.2474244764865143,3.989977180661549
1349,1349,2.2466296535232853,3.98918235769832
1350,1350,2.2458214534839978,3.9883741576590324
1351,1351,2.2449997578174243,3.987552461992459
1352,1352,2.2441644474372135,3.986717151612248
1353,1353,2.2433154027207105,3.985868106895745
1354,1354,2.242452503508076,3.9850052076831104
1355,1355,2.241575629101376,3.9841283332764106
1356,1356,2.240684658263461,3.9832373624384956
1357,1357,2.2397794692170687,3.9823321733921033
1358,1358,2.2388599396438305,3.981412643818865
1359,1359,2.237925946683276,3.9804786508583105
1360,1360,2.2369773669318813,3.979530071106916
1361,1361,2.2360140764420744,3.978566780617109
1362,1362,2.2350359507212256,3.9775886548962602
1363,1363,2.234042864730696,3.9765955689057306
1364,1364,2.233034692884899,3.975587397059934
1365,1365,2.2320113090502924,3.974564013225327
1366,1366,2.230972586544311,3.9735252907193455
1367,1367,2.229918398134458,3.9724711023094925
1368,1368,2.2288486160374528,3.9714013202124874
1369,1369,2.2277631119180508,3.9703158160930854
1370,1370,2.2266617568880345,3.969214461063069
1371,1371,2.225544421505503,3.9680971256805377
1372,1372,2.2244109757736648,3.9669636799486994
1373,1373,2.223261289139884,3.9658139933149186
1374,1374,2.2220952304947867,3.9646479346698213
1375,1375,2.2209126681712372,3.963465372346272
1376,1376,2.219713469943272,3.9622661741183065
1377,1377,2.218497503025318,3.9610502072003526
1378,1378,2.2172646340709856,3.9598173382460202
1379,1379,2.2160147291723287,3.9585674333473633
1380,1380,2.214747653858566,3.9573003580336006
1381,1381,2.2134632730954134,3.956015977270448
1382,1382,2.21216145128389,3.9547141554589245
1383,1383,2.2108420522594083,3.953394756434443
1384,1384,2.2095049392908375,3.952057643465872
1385,1385,2.2081499750794644,3.950702679254499
1386,1386,2.2067770217579716,3.9493297259330062
1387,1387,2.205385940889584,3.947938645064619
1388,1388,2.2039765934670608,3.9465292976420954
1389,1389,2.202548839911557,3.9451015440865915
1390,1390,2.2011025400718007,3.9436552442468353
1391,1391,2.1996375532232118,3.9421902573982464
1392,1392,2.198153738066551,3.9407064422415856
1393,1393,2.1966509527273526,3.939203656902387
1394,1394,2.1951290547547155,3.93768175892975
1395,1395,2.193587901120352,3.9361406052953867
1396,1396,2.1920273482176493,3.934580052392684
1397,1397,2.1904472518606606,3.932999956035695
1398,1398,2.1888474672831815,3.931400171458216
1399,1399,2.1872278491376274,3.929780553312662
1400,1400,2.1855882514942375,3.928140955669272
1401,1401,2.1839285278400236,3.926481232015058
1402,1402,2.182248531077675,3.9248012352527097
1403,1403,2.1805481135247358,3.9231008176997704
1404,1404,2.1788271269126223,3.921379831087657
1405,1405,2.1770854223854452,3.91963812656048
1406,1406,2.1753228504992985,3.917875554674333
1407,1407,2.173539261221151,3.9160919653961854
1408,1408,2.17173450392778,3.9142872081028144
1409,1409,2.169908427404962,3.9124611315799966
1410,1410,2.168060879846379,3.9106135840214136
1411,1411,2.1661917088526503,3.908744413027685
1412,1412,2.164300761430439,3.9068534656054736
1413,1413,2.162387883991371,3.9049405881664057
1414,1414,2.1604529223510407,3.9030056265260753
1415,1415,2.1584957217281437,3.9010484259031784
1416,1416,2.156516126743497,3.8990688309185315
1417,1417,2.154513981418773,3.8970666855938076
1418,1418,2.152489129176018,3.8950418333510526
1419,1419,2.150441412836201,3.8929941170112357
1420,1420,2.1483706746185187,3.8909233787935533
1421,1421,2.1462767561393146,3.888829460314349
1422,1422,2.144159498411113,3.8867122025861476
1423,1423,2.1420187418416243,3.884571446016659
1424,1424,2.1398543262327787,3.8824070304078133
1425,1425,2.137666090779802,3.880218794954837
1426,1426,2.1354538740700373,3.878006578245072
1427,1427,2.1332175140822893,3.875770218257324
1428,1428,2.1309568481855474,3.873509552360582
1429,1429,2.1286717131381745,3.871224417313209
1430,1430,2.1263619450868414,3.868914649261876
1431,1431,2.124027379565589,3.8665800837406237
1432,1432,2.1216678514948764,3.864220555669911
1433,1433,2.1192831951805,3.8618358993555346
1434,1434,2.116873244312728,3.8594259484877624
1435,1435,2.114437831965247,3.8569905361402816
1436,1436,2.1119767905942264,3.854529494769261
1437,1437,2.109489952037307,3.8520426562123418
1438,1438,2.1069771475126085,3.849529851687643
1439,1439,2.1044382076178176,3.8469909117928522
